{
  "hash": "b9d3c8a1",
  "configHash": "43968e3d",
  "lockfileHash": "3e931409",
  "browserHash": "58bd8813",
  "optimized": {
    "@angular/core": {
      "src": "../../../../../node_modules/@angular/core/fesm2022/core.mjs",
      "file": "@angular_core.js",
      "fileHash": "1a1d052f",
      "needsInterop": false
    },
    "@angular/platform-browser": {
      "src": "../../../../../node_modules/@angular/platform-browser/fesm2022/platform-browser.mjs",
      "file": "@angular_platform-browser.js",
      "fileHash": "27d2c117",
      "needsInterop": false
    },
    "@angular/router": {
      "src": "../../../../../node_modules/@angular/router/fesm2022/router.mjs",
      "file": "@angular_router.js",
      "fileHash": "739474fd",
      "needsInterop": false
    },
    "@angular/common": {
      "src": "../../../../../node_modules/@angular/common/fesm2022/common.mjs",
      "file": "@angular_common.js",
      "fileHash": "ee123152",
      "needsInterop": false
    }
  },
  "chunks": {
    "chunk-37AU53SE": {
      "file": "chunk-37AU53SE.js"
    },
    "chunk-WW5ZWXN3": {
      "file": "chunk-WW5ZWXN3.js"
    },
    "chunk-UXDG6NSB": {
      "file": "chunk-UXDG6NSB.js"
    }
  }
}